势力,logo文件名
Ave Mujica,Ave Mujica
阿戈尔,阿戈尔
阿戈尔-深海猎人,深海猎人
巴别塔,巴别塔
玻利瓦尔,玻利瓦尔
彩虹小队,彩虹小队
东,东
哥伦比亚,哥伦比亚
哥伦比亚-黑钢国际,黑钢国际
哥伦比亚-莱茵生命,莱茵生命
哥伦比亚-汐斯塔,汐斯塔
卡西米尔,卡西米尔
卡西米尔-红松骑士团,红松骑士团
拉特兰,拉特兰
莱欧斯小队,莱欧斯小队
莱塔尼亚,莱塔尼亚
雷姆必拓,雷姆必拓
罗德岛,罗德岛
罗德岛-S.W.E.E.P.,S.W.E.E.P.
罗德岛-罗德岛-精英干员,罗德岛-精英干员
罗德岛-行动预备组A1,行动预备组A1
罗德岛-行动预备组A4,行动预备组A4
罗德岛-行动预备组A6,行动预备组A6
罗德岛-行动组A4,行动组A4
米诺斯,米诺斯
萨尔贡,萨尔贡
萨米,萨米
使徒,使徒
维多利亚,维多利亚
维多利亚-格拉斯哥帮,格拉斯哥帮
维多利亚-塔拉,塔拉
乌萨斯,乌萨斯
乌萨斯-乌萨斯学生自治团,乌萨斯学生自治团
谢拉格,谢拉格
谢拉格-喀兰贸易,喀兰贸易
叙拉古,叙拉古
叙拉古-贾维团伙,贾维团伙
炎,炎
炎-龙门,炎-龙门
炎-龙门-鲤氏侦探事务所,鲤氏侦探事务所
炎-龙门-龙门近卫局,龙门近卫局
炎-龙门-企鹅物流,企鹅物流
炎-炎-岁,炎-岁
伊比利亚,伊比利亚
